<?xml version="1.0" encoding="UTF-8"?>
<LightningComponentBundle xmlns="http://soap.sforce.com/2006/04/metadata">
    <apiVersion>48.0</apiVersion>
    <isExposed>true</isExposed>
    <targets>
        <target>lightning__FlowScreen</target>
        <target>lightning__AppPage</target>
        <target>lightning__RecordPage</target>
        <target>lightning__HomePage</target>
    </targets>    
    <targetConfigs>
        <targetConfig targets="lightning__FlowScreen">
            <property name="storecollection" label="Stores Collection" type="@salesforce/schema/EmployeeStoreRetail__c[]" role="inputOnly" />           
        </targetConfig>
    </targetConfigs>
</LightningComponentBundle>